"store_type","total_sales","percentage_total_sales","order_count"
"Local",4200344.269999549,65.01947512674175,"313324"
"Mall Kiosk",705645.8999999999,10.923087036230537,"53374"
"Outlet",508029.4100000041,7.864071005577861,"36647"
"Super Store",1045045.1899999833,16.17683822319934,"78094"
"Web Portal",1067.77,0.016528608250506213,"137"
